{"cameraMode":{"drawMode":0,"name":"Shaded","section":"Shading Mode"},"sceneLighting":true,"audioPlay":false,"sceneViewState":{"showFog":true,"showMaterialUpdate":false,"showSkybox":true,"showFlares":true,"showImageEffects":true,"showParticleSystems":true},"in2DMode":false,"pivot":{"x":-0.2446337342262268,"y":0.7287564277648926,"z":-0.28430014848709109},"rotation":{"x":-0.27527132630348208,"y":-0.31485405564308169,"z":0.09595318138599396,"w":-0.9032688140869141},"size":0.30000263452529909,"orthographic":false}