{"cameraMode":{"drawMode":0,"name":"Shaded","section":"Shading Mode"},"sceneLighting":true,"audioPlay":false,"sceneViewState":{"showFog":true,"showMaterialUpdate":false,"showSkybox":false,"showFlares":true,"showImageEffects":true,"showParticleSystems":true},"in2DMode":false,"pivot":{"x":-0.20528370141983033,"y":-0.4982759952545166,"z":0.018933575600385667},"rotation":{"x":-0.22050045430660249,"y":0.1404726356267929,"z":-0.03210887685418129,"w":-0.9646968841552734},"size":1.1196155548095704,"orthographic":false}