{"cameraMode":{"drawMode":0,"name":"Shaded","section":"Shading Mode"},"sceneLighting":false,"audioPlay":false,"sceneViewState":{"showFog":true,"showMaterialUpdate":false,"showSkybox":false,"showFlares":true,"showImageEffects":true,"showParticleSystems":true},"in2DMode":false,"pivot":{"x":-4.369999885559082,"y":0.5800000429153442,"z":0.0},"rotation":{"x":-0.030936269089579583,"y":-0.13096307218074799,"z":0.0040848697535693649,"w":-0.9909079670906067},"size":0.9294218420982361,"orthographic":false}