{"cameraMode":{"drawMode":0,"name":"Shaded","section":"Shading Mode"},"sceneLighting":true,"audioPlay":false,"sceneViewState":{"showFog":true,"showMaterialUpdate":false,"showSkybox":true,"showFlares":true,"showImageEffects":true,"showParticleSystems":true},"in2DMode":false,"pivot":{"x":-6.914938449859619,"y":-8.483485221862793,"z":51.67955017089844},"rotation":{"x":-0.25247424840927126,"y":0.21886800229549409,"z":-0.05874329060316086,"w":-0.940704882144928},"size":11.353041648864746,"orthographic":false}