{"cameraMode":{"drawMode":0,"name":"Shaded","section":"Shading Mode"},"sceneLighting":true,"audioPlay":false,"sceneViewState":{"showFog":true,"showMaterialUpdate":false,"showSkybox":true,"showFlares":true,"showImageEffects":true,"showParticleSystems":true},"in2DMode":false,"pivot":{"x":-0.07043266296386719,"y":0.931185245513916,"z":0.5502784252166748},"rotation":{"x":-0.11887604743242264,"y":0.8637117147445679,"z":-0.24072271585464478,"w":-0.42652639746665957},"size":2.4248712062835695,"orthographic":false}