{"cameraMode":{"drawMode":0,"name":"Shaded","section":"Shading Mode"},"sceneLighting":false,"audioPlay":false,"sceneViewState":{"showFog":true,"showMaterialUpdate":false,"showSkybox":false,"showFlares":true,"showImageEffects":true,"showParticleSystems":true},"in2DMode":false,"pivot":{"x":1.031734824180603,"y":0.8076843023300171,"z":44.38285446166992},"rotation":{"x":-0.01469926442950964,"y":0.19903698563575746,"z":0.002985779196023941,"w":0.9798772931098938},"size":1.5735790729522706,"orthographic":false}