{"cameraMode":{"drawMode":0,"name":"Shaded","section":"Shading Mode"},"sceneLighting":false,"audioPlay":false,"sceneViewState":{"showFog":true,"showMaterialUpdate":false,"showSkybox":false,"showFlares":true,"showImageEffects":true,"showParticleSystems":true},"in2DMode":false,"pivot":{"x":2.9802322387695315e-8,"y":0.699999988079071,"z":45.0},"rotation":{"x":0.1262597292661667,"y":0.24001316726207734,"z":-0.031500715762376788,"w":0.962009072303772},"size":0.9514394998550415,"orthographic":false}